[
    
        {"name": "Interpol Lundquist", "age": "50", "sex": "male", "accounts": "interpol_lundquist", "join_date": "2010-08-12 01:42:28"},
        {"name": "Hebrides Adair", "age": "47", "sex": "male", "accounts": "hebrides_adair", "join_date": "2013-07-16 20:47:08"},
        {"name": "Cantabrigian Gilchrist", "age": "21", "sex": "male", "accounts": "cantabrigian_gilchrist", "join_date": "2010-02-18 02:46:07"},
        {"name": "Missy Chesapeake", "age": "42", "sex": "male", "accounts": "missy_chesapeake", "join_date": "2015-09-17 08:17:45"}
    

]